order_0,order_1,order_2,order_3,order_4,order_5,order_6,order_7,order_8,order_9
70839,14677,18706,15251,11676,NA,NA,NA,NA,NA
70839,14677,18783,13106,11522,56752,NA,NA,NA,NA
70839,14677,104110,18746,13806,12183,NA,NA,NA,NA
70839,14677,104110,18605,72157,NA,NA,NA,NA,NA
70839,14677,18706,15251,15275,319625,72141,NA,NA,NA
70839,14677,104110,18747,19013,74147,270076,78920,NA,NA
70839,14677,18706,56484,20655,66925,NA,NA,NA,NA
70839,14677,18706,56484,20655,66945,NA,NA,NA,NA
70839,14677,104110,18605,66681,19139,NA,NA,NA,NA
70839,14677,18706,56717,19016,14625,11677,NA,NA,NA
70839,14677,18706,56717,19016,14625,11997,NA,NA,NA
70839,14677,18706,56717,19016,14625,14187,NA,NA,NA
70839,14677,18706,56717,19016,14625,67861,NA,NA,NA
70839,14677,18706,56717,19016,14625,11677,20322,67880,NA
70839,14677,18783,13106,394436,NA,NA,NA,NA,NA
70839,14677,18783,13106,13849,71755,NA,NA,NA,NA
70839,14677,18706,56717,19016,14625,11677,20322,NA,NA
70839,14677,18706,56717,19016,14625,11677,20322,16548,NA
70839,14677,26413,22059,319801,NA,NA,NA,NA,NA
70839,14677,104110,18747,18639,110119,NA,NA,NA,NA
70839,14677,18706,15251,15275,29858,331026,218138,22122,NA
70839,14677,18706,15251,15275,226413,53418,NA,NA,NA
70839,14677,18795,114663,56727,NA,NA,NA,NA,NA
70839,14677,18783,13106,100559,22235,NA,NA,NA,NA
70839,14677,18706,18762,20787,14104,NA,NA,NA,NA
70839,14677,18706,18762,20787,14104,26922,99035,NA,NA
70839,14677,104110,18747,13074,14979,71147,NA,NA,NA
70839,14677,104110,18747,19013,14081,NA,NA,NA,NA
70839,14677,100503710,105787,107476,257633,NA,NA,NA,NA
70839,14677,18706,18762,20787,14104,26922,NA,NA,NA
70839,14677,18706,18762,20787,14104,234309,NA,NA,NA
70839,14677,18706,18762,20787,14104,26922,19063,NA,NA
70839,14677,18706,18762,20787,14104,26922,54397,NA,NA
70839,14677,18783,13106,100041375,56348,66775,NA,NA,NA
70839,14677,18783,13106,100041375,56348,70757,NA,NA,NA
70839,14677,26413,13982,19015,11363,NA,NA,NA,NA
70839,14677,104110,18747,19013,74147,270076,NA,NA,NA
70839,14677,104110,18747,15490,74754,13360,235293,NA,NA
70839,14677,104110,18747,15490,66234,18194,NA,NA,NA
70839,14677,104110,18747,15490,66234,NA,NA,NA,NA
70839,14677,18706,56717,14245,12613,NA,NA,NA,NA
70839,14677,18706,56717,19016,104086,NA,NA,NA,NA
70839,14677,104110,18747,19013,20280,26459,17117,NA,NA
70839,14677,104110,18747,19013,20280,12012,170789,NA,NA
70839,14677,18706,56484,16598,18104,69568,NA,NA,NA
70839,14677,104110,18747,100043456,20905,56448,NA,NA,NA
70839,14677,104110,18747,13074,57357,NA,NA,NA,NA
70839,14677,104110,12495,20135,NA,NA,NA,NA,NA
70839,14677,104110,18573,15452,22436,NA,NA,NA,NA
70839,14677,104110,18573,11564,108147,14450,67054,NA,NA
70839,14677,11514,NA,NA,NA,NA,NA,NA,NA
70839,14677,104110,171567,NA,NA,NA,NA,NA,NA
70839,14677,104110,18102,NA,NA,NA,NA,NA,NA
70839,14677,104110,18573,107569,NA,NA,NA,NA,NA
70839,14677,104110,18573,50773,NA,NA,NA,NA,NA
70839,14677,104110,18573,76952,NA,NA,NA,NA,NA
70839,14677,104110,18573,103850,667034,NA,NA,NA,NA
70839,14677,104110,12495,73532,105446,NA,NA,NA,NA
70839,14677,104110,12495,23917,NA,NA,NA,NA,NA
70839,14677,104110,18573,67464,NA,NA,NA,NA,NA
70839,14677,104110,18746,14923,NA,NA,NA,NA,NA
70839,14677,104110,18573,15452,22436,22262,NA,NA,NA
70839,14677,104110,18573,15452,22436,22262,76974,NA,NA
70839,14677,18706,15251,230899,18160,NA,NA,NA,NA
70839,14677,104110,18746,14923,27369,NA,NA,NA,NA
70839,14677,56508,20927,cpd:C00002,NA,NA,NA,NA,NA
70839,14677,104110,18605,18584,NA,NA,NA,NA,NA
70839,14677,104110,18605,238871,NA,NA,NA,NA,NA
70839,14677,104110,12495,66588,NA,NA,NA,NA,NA
70839,14677,104110,171567,51797,NA,NA,NA,NA,NA
70839,14677,104110,171567,55936,NA,NA,NA,NA,NA
70839,14677,104110,12495,68556,NA,NA,NA,NA,NA
70839,14677,104110,12495,80914,NA,NA,NA,NA,NA
70839,14677,104110,171567,66422,NA,NA,NA,NA,NA
70839,14677,104110,18573,103850,320685,NA,NA,NA,NA
70839,14677,104110,12495,21877,NA,NA,NA,NA,NA
70839,14677,104110,12495,21915,22171,NA,NA,NA,NA
70839,14677,104110,171567,110074,NA,NA,NA,NA,NA
70839,14677,104110,18573,109674,11565,27053,NA,NA,NA
70839,14677,104110,18573,109674,11565,66514,NA,NA,NA
70839,14677,18783,13106,11670,268860,214579,NA,NA,NA
70839,14677,18783,13106,11670,268860,NA,NA,NA,NA
70839,14677,104110,18573,11564,108147,238505,12411,NA,NA
70839,14677,18783,13106,11670,107239,67092,NA,NA,NA
70839,14677,104110,18746,18597,13382,108037,192166,NA,NA
70839,14677,18795,18751,22173,73988,NA,NA,NA,NA
70839,14677,104110,18573,109674,11565,14718,12583,NA,NA
70839,14677,104110,18573,109674,11565,14718,22117,NA,NA
70839,14677,104110,18746,18597,13382,12039,12035,NA,NA
70839,14677,100503710,105787,107476,257633,73724,17850,NA,NA
70839,14677,100503710,105787,107476,257633,73724,NA,NA,NA
70839,14677,104110,18747,19013,113868,110821,NA,NA,NA
70839,14677,26413,20846,71872,NA,NA,NA,NA,NA
70839,14677,104110,18747,110147,73582,107823,NA,NA,NA
70839,14677,104110,18747,110147,73582,226830,NA,NA,NA
70839,14677,104110,18747,110147,73582,239122,NA,NA,NA
70839,14677,104110,18747,110147,73582,64707,NA,NA,NA
70839,14677,18783,13106,11670,107239,NA,NA,NA,NA
70839,14677,18783,13106,11670,268860,66054,NA,NA,NA
70839,14677,18127,242669,NA,NA,NA,NA,NA,NA
70839,14677,18783,13106,11670,107239,15186,NA,NA,NA
70839,14677,26413,15978,15930,71562,98256,NA,NA,NA
70839,14677,18783,13106,11670,237940,NA,NA,NA,NA
70839,14677,104110,18573,109674,11565,14718,12583,246277,NA
70839,14677,18127,cpd:C00533,50868,18024,232223,20768,NA,NA
70839,14677,18783,13106,100042295,14598,14854,NA,NA,NA
70839,14677,18783,13106,100042295,14598,14629,110175,75475,NA
70839,14677,18783,13106,100042295,14598,14629,110175,NA,NA
70839,14677,18783,13106,103140,NA,NA,NA,NA,NA
70839,14677,18783,13106,14866,NA,NA,NA,NA,NA
70839,14677,18783,13106,211666,NA,NA,NA,NA,NA
70839,14677,18783,13106,56615,NA,NA,NA,NA,NA
70839,14677,18706,15251,15275,12091,20442,14537,207839,NA
70839,14677,18706,15251,15275,12091,15211,56174,109785,NA
70839,14677,18706,15251,15275,12091,15211,56174,109785,107652
70839,14677,18706,15251,15275,12091,15211,56174,109785,227620
70839,14677,18706,15251,15275,12091,15211,56174,245847,NA
70839,14677,18706,15251,15275,12091,15211,19703,94181,12763
70839,14677,18706,15251,15275,12091,15211,19703,94181,12763
70839,14677,18706,15251,15275,12091,15211,19703,94181,12763
70839,14677,18706,15251,15275,12091,15211,19703,94181,12763
70839,14677,18706,15251,15275,12091,15211,19703,94181,12763
70839,14677,18706,15251,15275,12091,15211,19703,94181,12763
70839,14677,26413,18033,12505,gl:G10505,NA,NA,NA,NA
70839,14677,26413,18033,12505,gl:G10505,gl:G00526,NA,NA,NA
70839,14677,18706,56717,14245,116939,NA,NA,NA,NA
70839,14677,18706,56717,14245,15450,NA,NA,NA,NA
70839,14677,18706,56717,14245,16891,NA,NA,NA,NA
70839,14677,18706,56717,14245,18946,NA,NA,NA,NA
70839,14677,18706,56717,14245,18947,NA,NA,NA,NA
70839,14677,18706,56717,14245,67717,NA,NA,NA,NA
70839,14677,18706,56717,14245,69060,NA,NA,NA,NA
70839,14677,18783,13106,11522,13350,NA,NA,NA,NA
70839,14677,18783,212862,19012,67800,NA,NA,NA,NA
70839,14677,18706,56717,14245,NA,NA,NA,NA,NA
70839,14677,18706,56717,64898,NA,NA,NA,NA,NA
70839,14677,18706,56717,64899,NA,NA,NA,NA,NA
70839,14677,18783,212862,67916,NA,NA,NA,NA,NA
70839,14677,18706,56717,14245,233549,NA,NA,NA,NA
70839,14677,18706,56717,14245,68393,NA,NA,NA,NA
70839,14677,18795,104418,67216,NA,NA,NA,NA,NA
70839,14677,18706,56717,19016,14625,NA,NA,NA,NA
70839,14677,18706,56717,19016,14626,NA,NA,NA,NA
70839,14677,18706,56717,19016,14933,NA,NA,NA,NA
70839,14677,18795,170835,16329,NA,NA,NA,NA,NA
70839,14677,18795,114663,NA,NA,NA,NA,NA,NA
70839,14677,18798,NA,NA,NA,NA,NA,NA,NA
70839,14677,18795,18802,NA,NA,NA,NA,NA,NA
70839,14677,18795,74055,NA,NA,NA,NA,NA,NA
70839,14677,18795,240752,NA,NA,NA,NA,NA,NA
70839,14677,18783,99010,27388,NA,NA,NA,NA,NA
70839,14677,18783,99010,19210,NA,NA,NA,NA,NA
70839,14677,18783,99010,NA,NA,NA,NA,NA,NA
70839,14677,18783,225845,NA,NA,NA,NA,NA,NA
70839,14677,211429,NA,NA,NA,NA,NA,NA,NA
70839,14677,18795,217480,NA,NA,NA,NA,NA,NA
70839,14677,18795,380921,NA,NA,NA,NA,NA,NA
70839,14677,18795,104418,218121,102247,14571,NA,NA,NA
70839,14677,18706,18805,16816,NA,NA,NA,NA,NA
70839,14677,18783,225845,26394,NA,NA,NA,NA,NA
70839,14677,18783,100066,71519,NA,NA,NA,NA,NA
70839,14677,18783,56473,NA,NA,NA,NA,NA,NA
70839,14677,18127,cpd:C00533,cpd:C16845,20597,67260,NA,NA,NA
70839,14677,26413,20698,241447,433323,20598,NA,NA,NA
70839,14677,18783,212862,19012,230379,NA,NA,NA,NA
70839,14677,18783,212862,19012,11886,74442,NA,NA,NA
70839,14677,18706,15251,15275,226413,53418,54613,NA,NA
70839,14677,18706,15251,15275,226413,53418,53625,NA,NA
70839,14677,18706,15251,15275,226413,53418,72297,NA,NA
70839,14677,18706,15251,15275,12091,20442,20449,NA,NA
70839,14677,18706,15251,15275,226413,53418,231727,NA,NA
70839,14677,18706,15251,15275,226413,53418,14594,NA,NA
70839,14677,18706,15251,15275,226413,53418,102637973,NA,NA
70839,14677,18706,15251,15275,226413,53418,108105,NA,NA
70839,14677,18706,15251,15275,12091,20442,20449,11416,NA
70839,14677,104110,12495,21915,22171,17768,NA,NA,NA
70839,14677,104110,12495,21915,22171,665563,NA,NA,NA
70839,14677,104110,12495,21915,22171,13361,NA,NA,NA
70839,14677,104110,12495,21915,22171,17769,NA,NA,NA
70839,14677,104110,12495,21915,22171,108156,NA,NA,NA
70839,14677,104110,12495,21915,22171,17768,100039707,NA,NA
70839,14677,104110,12495,21915,22171,17768,107885,NA,NA
70839,14677,104110,18746,18597,13382,108037,69606,NA,NA
70839,14677,104110,18746,18597,13382,108037,216188,NA,NA
70839,14677,104110,12495,21915,22171,17768,270685,NA,NA
70839,14677,104110,18605,225994,NA,NA,NA,NA,NA
70839,14677,104110,18747,19013,74147,11409,117147,623661,67164
70839,14677,104110,12495,21915,22171,13361,14287,NA,NA
70839,14677,104110,18747,56486,110886,268566,NA,NA,NA
70839,14677,18783,13106,12408,20751,110391,72562,NA,NA
70839,14677,18783,13106,11522,13350,17252,NA,NA,NA
70839,14677,18783,13106,11522,13350,19682,NA,NA,NA
70839,14677,18783,13106,11522,13350,98711,NA,NA,NA
70839,14677,104110,18747,13074,27400,67442,NA,NA,NA
70839,14677,18783,13106,11522,13350,19892,NA,NA,NA
70839,14677,18783,13106,100041375,13082,77974,NA,NA,NA
70839,14677,18783,13106,100041375,13082,241452,NA,NA,NA
70839,14677,18783,13106,11522,13350,242285,NA,NA,NA
70839,14677,26413,20846,16391,58185,110196,319554,NA,NA
70839,14677,26413,20846,16391,58185,110196,320581,NA,NA
70839,14677,100503710,105787,15357,17855,68603,192156,NA,NA
70839,14677,100503710,105787,15357,17855,68603,NA,NA,NA
70839,14677,26413,20846,16391,58185,110196,NA,NA,NA
70839,14677,26413,20846,16391,58185,110196,14593,NA,NA
70839,14677,26413,20846,16391,58185,110196,52014,NA,NA
70839,14677,26413,20846,16391,58185,110196,67422,NA,NA
70839,14677,26413,20846,16391,58185,110196,110606,NA,NA
70839,14677,26413,20846,16391,58185,110196,14272,NA,NA
70839,14677,18783,13106,13849,NA,NA,NA,NA,NA
70839,14677,18706,56717,NA,NA,NA,NA,NA,NA
70839,14677,18795,13649,20663,NA,NA,NA,NA,NA
70839,14677,18795,18752,NA,NA,NA,NA,NA,NA
70839,14677,18706,15251,13645,NA,NA,NA,NA,NA
70839,14677,26413,22339,NA,NA,NA,NA,NA,NA
70839,14677,18706,15251,14173,NA,NA,NA,NA,NA
70839,14677,26413,16193,NA,NA,NA,NA,NA,NA
70839,14677,26413,13982,NA,NA,NA,NA,NA,NA
70839,14677,26413,17395,NA,NA,NA,NA,NA,NA
70839,14677,26413,12575,NA,NA,NA,NA,NA,NA
70839,14677,18706,56484,11920,NA,NA,NA,NA,NA
70839,14677,26413,22059,230784,110379,269966,66679,170722,56009
70839,14677,18706,18762,170930,19386,NA,NA,NA,NA
70839,14677,18706,18762,170930,NA,NA,NA,NA,NA
70839,14677,18706,18762,20610,NA,NA,NA,NA,NA
70839,14677,18706,18762,22218,NA,NA,NA,NA,NA
70839,14677,18706,170758,76884,NA,NA,NA,NA,NA
70839,14677,18706,11651,cpd:C00195,225849,NA,NA,NA,NA
70839,14677,18706,11651,cpd:C00195,235542,NA,NA,NA,NA
70839,14677,26413,15370,20181,cpd:C15493,NA,NA,NA,NA
70839,14677,26413,15370,20181,NA,NA,NA,NA,NA
70839,14677,26413,13982,19015,NA,NA,NA,NA,NA
70839,14677,18706,56717,19016,NA,NA,NA,NA,NA
70839,14677,18706,11651,12189,225182,17535,19360,NA,NA
70839,14677,18706,11651,12189,12190,NA,NA,NA,NA
70839,14677,18706,11651,12189,NA,NA,NA,NA,NA
70839,14677,18706,11651,12189,225182,NA,NA,NA,NA
70839,14677,18706,11651,12189,233826,NA,NA,NA,NA
70839,14677,18706,11651,12189,237911,NA,NA,NA,NA
70839,14677,18706,56717,71718,245000,104806,NA,NA,NA
70839,14677,18706,56717,71718,245000,14087,NA,NA,NA
70839,14677,18706,21833,18128,15205,211651,NA,NA,NA
70839,14677,18706,56717,71718,245000,60534,NA,NA,NA
70839,14677,18706,56717,71718,245000,NA,NA,NA,NA
70839,14677,18706,56717,71718,NA,NA,NA,NA,NA
70839,14677,18706,21833,18128,15205,211651,330554,NA,NA
70839,14677,18706,56717,71718,245000,104806,20892,NA,NA
70839,14677,18706,56717,71718,245000,104806,69928,NA,NA
70839,14677,18706,56717,71718,245000,104806,101831,NA,NA
70839,14677,18706,21833,18128,15205,NA,NA,NA,NA
70839,14677,26413,13982,19401,67603,NA,NA,NA,NA
70839,14677,26413,16000,13836,218397,NA,NA,NA,NA
70839,14677,12288,NA,NA,NA,NA,NA,NA,NA
70839,14677,56508,20927,12290,NA,NA,NA,NA,NA
70839,14677,26413,13712,NA,NA,NA,NA,NA,NA
70839,14677,18706,cpd:C00027,26397,NA,NA,NA,NA,NA
70839,14677,18706,56484,13197,NA,NA,NA,NA,NA
70839,14677,26413,16000,14255,20375,12475,NA,NA,NA
70839,14677,26413,16176,NA,NA,NA,NA,NA,NA
70839,14677,18706,56484,15482,NA,NA,NA,NA,NA
70839,14677,18706,56484,15511,NA,NA,NA,NA,NA
70839,14677,18795,19057,NA,NA,NA,NA,NA,NA
70839,14677,26413,18018,20807,NA,NA,NA,NA,NA
70839,14677,20779,12929,NA,NA,NA,NA,NA,NA
70839,14677,26413,16000,13836,NA,NA,NA,NA,NA
70839,14677,18706,15251,14254,NA,NA,NA,NA,NA
70839,14677,26413,16000,14255,NA,NA,NA,NA,NA
70839,14677,26413,16000,16590,NA,NA,NA,NA,NA
70839,14677,18795,75600,NA,NA,NA,NA,NA,NA
70839,14677,15461,19730,56044,66482,NA,NA,NA,NA
70839,14677,15461,19765,NA,NA,NA,NA,NA,NA
70839,14677,18706,170758,108100,13800,NA,NA,NA,NA
70839,14677,56508,NA,NA,NA,NA,NA,NA,NA
70839,14677,15461,17356,20469,NA,NA,NA,NA,NA
70839,14677,15461,17356,NA,NA,NA,NA,NA,NA
70839,14677,18783,11689,cpd:C06314,14293,NA,NA,NA,NA
70839,14677,56508,20927,cpd:C00002,18441,NA,NA,NA,NA
70839,14677,104110,cpd:C00064,cpd:C00025,53978,NA,NA,NA,NA
70839,14677,20779,12387,NA,NA,NA,NA,NA,NA
70839,14677,20779,12387,50791,NA,NA,NA,NA,NA
70839,14677,20779,12387,99470,NA,NA,NA,NA,NA
70839,14677,18706,57257,NA,NA,NA,NA,NA,NA
70839,14677,56508,20927,cpd:C00002,18436,NA,NA,NA,NA
70839,14677,56508,20927,cpd:C00002,18438,NA,NA,NA,NA
70839,14677,56508,20927,cpd:C00002,18439,NA,NA,NA,NA
70839,14677,56508,20927,cpd:C00002,18440,NA,NA,NA,NA
70839,14677,56508,20927,cpd:C00002,228139,NA,NA,NA,NA
70839,14677,56508,20927,cpd:C00002,231602,NA,NA,NA,NA
70839,14677,56508,20927,cpd:C00002,94045,NA,NA,NA,NA
70839,14677,56508,20191,NA,NA,NA,NA,NA,NA
70839,14677,18795,cpd:C01245,20192,NA,NA,NA,NA,NA
70839,14677,18706,11651,20293,12767,NA,NA,NA,NA
70839,14677,18706,15251,13614,19218,NA,NA,NA,NA
70839,14677,18706,21833,53313,NA,NA,NA,NA,NA
70839,14677,18706,15251,230899,11554,NA,NA,NA,NA
70839,14677,104110,18747,11941,NA,NA,NA,NA,NA
70839,14677,104110,18747,67972,NA,NA,NA,NA,NA
70839,14677,56508,20191,12373,NA,NA,NA,NA,NA
70839,14677,56508,20191,12373,76757,15464,NA,NA,NA
70839,14677,18127,cpd:C00533,234889,19091,17540,NA,NA,NA
70839,14677,100503710,105787,cpd:C00547,11551,NA,NA,NA,NA
70839,14677,26413,16369,NA,NA,NA,NA,NA,NA
70839,14677,18706,15251,13614,233079,NA,NA,NA,NA
70839,14677,104110,18747,19049,NA,NA,NA,NA,NA
70839,14677,26413,16173,NA,NA,NA,NA,NA,NA
70839,14677,26413,18033,18034,24099,NA,NA,NA,NA
70839,14677,26413,18033,16153,NA,NA,NA,NA,NA
70839,14677,26413,18033,18034,20315,NA,NA,NA,NA
70839,14677,26413,18033,18034,100041504,NA,NA,NA,NA
70839,14677,26413,18033,18034,100041593,NA,NA,NA,NA
70839,14677,26413,18033,18034,100042493,NA,NA,NA,NA
70839,14677,26413,18033,18034,100504239,NA,NA,NA,NA
70839,14677,26413,18033,18034,100504346,NA,NA,NA,NA
70839,14677,26413,18033,18034,100504362,NA,NA,NA,NA
70839,14677,26413,18033,18034,100862177,NA,NA,NA,NA
70839,14677,26413,18033,18034,18829,NA,NA,NA,NA
70839,14677,26413,18033,18034,65956,NA,NA,NA,NA
70839,14677,26413,18033,18034,100039053,NA,NA,NA,NA
70839,14677,26413,18033,18034,24047,NA,NA,NA,NA
70839,14677,18706,11651,20293,12770,NA,NA,NA,NA
70839,14677,14191,NA,NA,NA,NA,NA,NA,NA
70839,14677,18706,18762,NA,NA,NA,NA,NA,NA
70839,14677,26413,18033,18034,NA,NA,NA,NA,NA
70839,14677,26413,18033,18034,24099,72049,NA,NA,NA
70839,14677,104110,18747,12914,NA,NA,NA,NA,NA
70839,14677,100503710,108079,NA,NA,NA,NA,NA,NA
70839,14677,26413,12575,12566,NA,NA,NA,NA,NA
70839,14677,18706,56717,20393,NA,NA,NA,NA,NA
70839,14677,18706,18762,20869,NA,NA,NA,NA,NA
70839,14677,18795,107650,NA,NA,NA,NA,NA,NA
70839,14677,26413,13982,13033,NA,NA,NA,NA,NA
70839,14677,17096,14360,NA,NA,NA,NA,NA,NA
70839,14677,26413,18792,18815,12266,NA,NA,NA,NA
70839,14677,26413,18792,18815,12266,15139,NA,NA,NA
70839,14677,18706,21833,18128,15205,11925,18012,15874,NA
70839,14677,18706,56484,11920,12649,NA,NA,NA,NA
70839,14677,18706,56484,11920,50883,NA,NA,NA,NA
70839,14677,20779,12387,12385,22627,NA,NA,NA,NA
70839,14677,20779,12387,12385,22628,NA,NA,NA,NA
70839,14677,20779,12387,12385,22629,NA,NA,NA,NA
70839,14677,20779,12387,12385,22630,NA,NA,NA,NA
70839,14677,20779,12387,12385,22631,NA,NA,NA,NA
70839,14677,20779,12387,12385,54401,NA,NA,NA,NA
70839,14677,18706,56484,11920,12649,22390,NA,NA,NA
70839,14677,18706,56484,11920,12649,381759,NA,NA,NA
70839,14677,26413,22059,55948,NA,NA,NA,NA,NA
70839,14677,26413,110651,12235,17120,NA,NA,NA,NA
70839,14677,26413,110651,12235,NA,NA,NA,NA,NA
70839,14677,26413,12575,12447,NA,NA,NA,NA,NA
70839,14677,26413,12575,12448,NA,NA,NA,NA,NA
70839,14677,26413,12575,12427,NA,NA,NA,NA,NA
70839,14677,26413,12575,12428,NA,NA,NA,NA,NA
70839,14677,26413,12575,12566,23834,NA,NA,NA,NA
70839,14677,26413,12575,12566,23834,56452,NA,NA,NA
70839,14677,26413,12575,12566,23834,50793,NA,NA,NA
70839,14677,26413,12575,12566,23834,26429,NA,NA,NA
70839,14677,26413,12575,12566,23834,26428,NA,NA,NA
70839,14677,26413,12575,12566,23834,18393,NA,NA,NA
70839,14677,26413,12575,12566,23834,18392,NA,NA,NA
70839,14677,18706,56484,12442,NA,NA,NA,NA,NA
70839,14677,18706,56484,268697,NA,NA,NA,NA,NA
70839,14677,26413,12575,12566,12577,NA,NA,NA,NA
70839,14677,26413,17869,54124,27401,NA,NA,NA,NA
70839,14677,18795,19055,52206,NA,NA,NA,NA,NA
70839,14677,18795,19055,99152,NA,NA,NA,NA,NA
70839,14677,26413,110651,12235,17120,12236,NA,NA,NA
70839,14677,26413,110651,12235,56150,NA,NA,NA,NA
70839,14677,26413,110651,12235,71890,NA,NA,NA,NA
70839,14677,26413,110651,12235,12237,NA,NA,NA,NA
70839,14677,26413,12575,12571,NA,NA,NA,NA,NA
70839,14677,18706,56484,12444,NA,NA,NA,NA,NA
70839,14677,26413,12575,12445,NA,NA,NA,NA,NA
70839,14677,18706,56484,19651,13555,NA,NA,NA,NA
70839,14677,18706,56484,19651,242705,NA,NA,NA,NA
70839,14677,26413,110651,12235,72415,NA,NA,NA,NA
70839,14677,26413,13982,18667,NA,NA,NA,NA,NA
70839,14677,18706,56484,12442,20874,NA,NA,NA,NA
70839,14677,26413,18033,12505,13345,387144,17248,NA,NA
70839,14677,26413,22059,20438,NA,NA,NA,NA,NA
70839,14677,26413,22059,21933,NA,NA,NA,NA,NA
70839,14677,18706,56717,74370,NA,NA,NA,NA,NA
70839,14677,18706,56717,18518,NA,NA,NA,NA,NA
70839,14677,18706,56717,50540,NA,NA,NA,NA,NA
70839,14677,18706,56717,56716,NA,NA,NA,NA,NA
70839,14677,18706,56717,12421,77040,NA,NA,NA,NA
70839,14677,26413,18033,22031,56480,71648,NA,NA,NA
70839,14677,18706,56484,11920,18412,NA,NA,NA,NA
70839,14677,20779,72018,NA,NA,NA,NA,NA,NA
70839,14677,26413,13982,19015,22190,22186,NA,NA,NA
70839,14677,26413,13982,19015,22190,22187,NA,NA,NA
70839,14677,26413,13982,19015,22190,NA,NA,NA,NA
70839,14677,26413,13982,19015,22190,78294,NA,NA,NA
70839,14677,18706,56717,12421,NA,NA,NA,NA,NA
70839,14677,26413,56692,52187,NA,NA,NA,NA,NA
70839,14677,18706,56717,12421,73683,NA,NA,NA,NA
70839,14677,19094,13198,NA,NA,NA,NA,NA,NA
70839,14677,18795,cpd:C00076,12333,NA,NA,NA,NA,NA
70839,14677,18706,56717,20393,83814,NA,NA,NA,NA
70839,14677,26413,14609,22142,NA,NA,NA,NA,NA
70839,14677,26413,14609,22143,NA,NA,NA,NA,NA
70839,14677,26413,14609,22144,NA,NA,NA,NA,NA
70839,14677,26413,14609,22145,NA,NA,NA,NA,NA
70839,14677,26413,14609,22146,NA,NA,NA,NA,NA
70839,14677,26413,14609,22147,NA,NA,NA,NA,NA
70839,14677,26413,14609,238463,NA,NA,NA,NA,NA
70839,14677,26413,14609,53857,NA,NA,NA,NA,NA
70839,14677,26413,67046,NA,NA,NA,NA,NA,NA
70839,14677,18706,56717,20539,NA,NA,NA,NA,NA
70839,14677,26413,22059,230784,110379,277854,NA,NA,NA
70839,14677,18706,56717,14783,NA,NA,NA,NA,NA
70839,14677,18706,56717,78757,NA,NA,NA,NA,NA
70839,14677,104110,cpd:C00064,cpd:C00169,cpd:C00327,cpd:C00062,71962,NA,NA
70839,14677,26413,17395,20969,15516,NA,NA,NA,NA
70839,14677,26413,17395,20969,15519,NA,NA,NA,NA
70839,14677,26413,17395,20969,22027,NA,NA,NA,NA
70839,14677,18795,19055,74343,NA,NA,NA,NA,NA
70839,14677,26413,13653,20750,NA,NA,NA,NA,NA
70839,14677,26413,22059,21825,NA,NA,NA,NA,NA
70839,14677,26413,15370,NA,NA,NA,NA,NA,NA
70839,14677,18706,56717,19016,11450,NA,NA,NA,NA
70839,14677,18706,18762,20787,NA,NA,NA,NA,NA
70839,14677,18795,cpd:C00076,12333,12364,NA,NA,NA,NA
70839,14677,18706,56717,19016,11450,68465,NA,NA,NA
70839,14677,18706,56717,19016,11450,72674,NA,NA,NA
70839,14677,18706,56717,13688,NA,NA,NA,NA,NA
70839,14677,18706,15251,71775,NA,NA,NA,NA,NA
70839,14677,18706,11651,11796,56532,74568,NA,NA,NA
70839,14677,18706,11651,11796,56532,NA,NA,NA,NA
70839,14677,19094,14282,15182,319192,NA,NA,NA,NA
70839,14677,26413,12575,12566,17865,NA,NA,NA,NA
70839,14677,18706,11651,12189,225182,17535,NA,NA,NA
70839,14677,18706,11651,12189,225182,17535,19360,27354,NA
70839,14677,104110,18747,21954,22004,NA,NA,NA,NA
70839,14677,56508,20191,12373,76757,NA,NA,NA,NA
70839,14677,56508,20191,12373,65973,NA,NA,NA,NA
70839,14677,104110,18747,58200,NA,NA,NA,NA,NA
70839,14677,18706,21833,18128,15205,11925,18012,15874,54598
70839,14677,26413,19877,17906,77579,NA,NA,NA,NA
70839,14677,104110,18747,56637,212398,NA,NA,NA,NA
70839,14677,20779,12387,16842,72293,NA,NA,NA,NA
70839,14677,20779,12387,16842,93960,NA,NA,NA,NA
70839,14677,100503710,11848,76441,NA,NA,NA,NA,NA
70839,14677,20779,12387,16842,NA,NA,NA,NA,NA
70839,14677,20779,12387,21414,NA,NA,NA,NA,NA
70839,14677,20779,12387,21415,NA,NA,NA,NA,NA
70839,14677,20779,12387,21416,NA,NA,NA,NA,NA
70839,14677,104110,18747,12914,19664,NA,NA,NA,NA
70839,14677,104110,18747,12914,19668,NA,NA,NA,NA
70839,14677,104110,18747,14634,19207,NA,NA,NA,NA
70839,14677,26413,22059,21825,268977,NA,NA,NA,NA
70839,14677,15461,225870,11350,268902,NA,NA,NA,NA
70839,14677,26413,16000,13836,53972,NA,NA,NA,NA
70839,14677,17096,14360,18844,NA,NA,NA,NA,NA
70839,14677,17096,14360,18845,NA,NA,NA,NA,NA
70839,14677,17096,14360,18846,NA,NA,NA,NA,NA
70839,14677,17096,14360,243743,NA,NA,NA,NA,NA
70839,14677,17096,14360,18844,223881,NA,NA,NA,NA
70839,14677,15461,225870,11350,268902,117600,NA,NA,NA
70839,14677,15461,225870,11350,268902,14270,NA,NA,NA
70839,14677,15461,225870,11350,268902,259302,NA,NA,NA
70839,14677,20779,107448,NA,NA,NA,NA,NA,NA
70839,14677,20779,22253,NA,NA,NA,NA,NA,NA
70839,14677,17096,14360,16818,NA,NA,NA,NA,NA
70839,14677,19094,14283,NA,NA,NA,NA,NA,NA
70839,14677,17096,14360,22177,NA,NA,NA,NA,NA
70839,14677,26413,12703,NA,NA,NA,NA,NA,NA
70839,14677,15461,54354,16412,15170,232801,NA,NA,NA
70839,14677,20779,12387,12385,NA,NA,NA,NA,NA
70839,14677,20779,12387,12386,NA,NA,NA,NA,NA
70839,14677,20779,12387,216033,NA,NA,NA,NA,NA
70839,14677,18706,18762,27494,NA,NA,NA,NA,NA
70839,14677,18706,12540,93742,12695,NA,NA,NA,NA
70839,14677,18706,18762,16897,NA,NA,NA,NA,NA
70839,14677,18706,18762,217325,NA,NA,NA,NA,NA
70839,14677,18706,18762,16897,105782,NA,NA,NA,NA
70839,14677,18706,18762,16897,13383,NA,NA,NA,NA
70839,14677,100503710,18479,21677,NA,NA,NA,NA,NA
70839,14677,20779,19303,320910,NA,NA,NA,NA,NA
70839,14677,26413,19877,67938,NA,NA,NA,NA,NA
70839,14677,20779,12389,NA,NA,NA,NA,NA,NA
70839,14677,26413,18033,12505,NA,NA,NA,NA,NA
70839,14677,26413,12912,14960,NA,NA,NA,NA,NA
70839,14677,26413,12912,14961,NA,NA,NA,NA,NA
70839,14677,26413,12912,14969,NA,NA,NA,NA,NA
70839,14677,26413,12912,15000,NA,NA,NA,NA,NA
70839,14677,15461,17356,19294,NA,NA,NA,NA,NA
70839,14677,15461,17356,58235,NA,NA,NA,NA,NA
70839,14677,20779,18260,100039801,NA,NA,NA,NA,NA
70839,14677,20779,18260,100042785,NA,NA,NA,NA,NA
70839,14677,20779,18260,114141,NA,NA,NA,NA,NA
70839,14677,20779,18260,12737,NA,NA,NA,NA,NA
70839,14677,20779,18260,12738,NA,NA,NA,NA,NA
70839,14677,20779,18260,12739,NA,NA,NA,NA,NA
70839,14677,20779,18260,12740,NA,NA,NA,NA,NA
70839,14677,20779,18260,12741,NA,NA,NA,NA,NA
70839,14677,20779,18260,18417,NA,NA,NA,NA,NA
70839,14677,20779,18260,239931,NA,NA,NA,NA,NA
70839,14677,20779,18260,242653,NA,NA,NA,NA,NA
70839,14677,20779,18260,53624,NA,NA,NA,NA,NA
70839,14677,20779,18260,54419,NA,NA,NA,NA,NA
70839,14677,20779,18260,54420,NA,NA,NA,NA,NA
70839,14677,20779,18260,56173,NA,NA,NA,NA,NA
70839,14677,20779,18260,56492,NA,NA,NA,NA,NA
70839,14677,20779,18260,56863,NA,NA,NA,NA,NA
70839,14677,20779,18260,57255,NA,NA,NA,NA,NA
70839,14677,20779,18260,58187,NA,NA,NA,NA,NA
70839,14677,20779,18260,60363,NA,NA,NA,NA,NA
70839,14677,20779,18260,621628,NA,NA,NA,NA,NA
70839,14677,20779,18260,628893,NA,NA,NA,NA,NA
70839,14677,20779,18260,71908,NA,NA,NA,NA,NA
70839,14677,20779,18260,73934,NA,NA,NA,NA,NA
70839,14677,20779,18260,74987,NA,NA,NA,NA,NA
70839,14677,20779,18260,75677,NA,NA,NA,NA,NA
70839,14677,20779,18260,NA,NA,NA,NA,NA,NA
70839,14677,20779,18260,69524,NA,NA,NA,NA,NA
70839,14677,15461,17356,58998,NA,NA,NA,NA,NA
70839,14677,15461,54354,16415,NA,NA,NA,NA,NA
70839,14677,26413,18033,22329,NA,NA,NA,NA,NA
70839,14677,15461,17356,71740,NA,NA,NA,NA,NA
70839,14677,18795,108083,109711,380928,NA,NA,NA,NA
70839,14677,18795,108083,22330,20411,NA,NA,NA,NA
70839,14677,18706,18762,27494,70497,NA,NA,NA,NA
70839,14677,18706,18762,20869,102098,NA,NA,NA,NA
70839,14677,18706,18762,54357,NA,NA,NA,NA,NA
70839,14677,18754,22350,NA,NA,NA,NA,NA,NA
70839,14677,15461,17356,21873,NA,NA,NA,NA,NA
70839,14677,18706,18762,56332,NA,NA,NA,NA,NA
70839,14677,18706,18762,75723,NA,NA,NA,NA,NA
70839,14677,20779,18260,100039801,27375,NA,NA,NA,NA
70839,14677,26413,14609,NA,NA,NA,NA,NA,NA
70839,14677,16159,16880,NA,NA,NA,NA,NA,NA
70839,14677,20779,12387,21423,NA,NA,NA,NA,NA
70839,14677,26413,18033,21824,19123,14067,14061,74145,NA
70839,14677,26413,16000,14255,20375,12475,17087,NA,NA
70839,14677,26413,110651,54483,NA,NA,NA,NA,NA
70839,14677,18706,12540,107607,NA,NA,NA,NA,NA
70839,14677,17096,14127,17474,NA,NA,NA,NA,NA
70839,14677,26413,20846,12700,NA,NA,NA,NA,NA
70839,14677,26413,216233,NA,NA,NA,NA,NA,NA
70839,14677,26413,20846,67296,NA,NA,NA,NA,NA
70839,14677,18706,18762,59004,NA,NA,NA,NA,NA
70839,14677,16159,14600,NA,NA,NA,NA,NA,NA
70839,14677,16159,16186,NA,NA,NA,NA,NA,NA
70839,14677,16159,16190,NA,NA,NA,NA,NA,NA
70839,14677,16159,18414,NA,NA,NA,NA,NA,NA
70839,14677,16159,19116,NA,NA,NA,NA,NA,NA
70839,14677,16159,213208,NA,NA,NA,NA,NA,NA
70839,14677,16159,242700,NA,NA,NA,NA,NA,NA
70839,14677,17096,14360,18106,20400,NA,NA,NA,NA
70839,14677,17096,14360,12503,NA,NA,NA,NA,NA
70839,14677,17096,14360,22177,16643,NA,NA,NA,NA
70839,14677,17096,14360,18106,NA,NA,NA,NA,NA
70839,14677,26413,13982,19401,NA,NA,NA,NA,NA
70839,14677,26413,17126,20371,NA,NA,NA,NA,NA
70839,14677,18706,22165,NA,NA,NA,NA,NA,NA
70839,14677,104110,18747,27373,11865,217166,NA,NA,NA
70839,14677,26413,12912,18627,NA,NA,NA,NA,NA
70839,14677,100503710,105787,12952,NA,NA,NA,NA,NA
70839,14677,104110,18747,14812,NA,NA,NA,NA,NA
70839,14677,104110,18747,14799,NA,NA,NA,NA,NA
70839,14677,104110,18747,104263,20588,NA,NA,NA,NA
70839,14677,104110,18747,22318,20908,NA,NA,NA,NA
70839,14677,56508,116838,19339,NA,NA,NA,NA,NA
70839,14677,26413,16000,18053,73914,NA,NA,NA,NA
70839,14677,104110,18747,170483,NA,NA,NA,NA,NA
70839,14677,104110,18747,242443,NA,NA,NA,NA,NA
70839,14677,104110,18747,257962,NA,NA,NA,NA,NA
70839,14677,104110,18747,258389,NA,NA,NA,NA,NA
70839,14677,104110,18747,258406,NA,NA,NA,NA,NA
70839,14677,104110,18747,258463,NA,NA,NA,NA,NA
70839,14677,104110,18747,258571,NA,NA,NA,NA,NA
70839,14677,104110,18747,258712,NA,NA,NA,NA,NA
70839,14677,104110,18747,258861,NA,NA,NA,NA,NA
70839,14677,104110,18747,258968,NA,NA,NA,NA,NA
70839,14677,104110,18747,259041,NA,NA,NA,NA,NA
70839,14677,104110,18747,259083,NA,NA,NA,NA,NA
70839,14677,56508,20927,cpd:C00002,18442,NA,NA,NA,NA
70839,14677,26413,18792,18815,12266,16411,NA,NA,NA
70839,14677,20779,19303,213119,NA,NA,NA,NA,NA
70839,14677,18706,11651,54646,NA,NA,NA,NA,NA
70839,14677,104110,cpd:C00575,19087,NA,NA,NA,NA,NA
70839,14677,104110,cpd:C00575,19088,NA,NA,NA,NA,NA
70839,14677,104110,18605,110095,NA,NA,NA,NA,NA
70839,14677,104110,18605,19309,NA,NA,NA,NA,NA
70839,14677,56508,116838,NA,NA,NA,NA,NA,NA
70839,14677,56508,26875,NA,NA,NA,NA,NA,NA
70839,14677,26413,13982,20185,NA,NA,NA,NA,NA
70839,14677,26413,12912,17691,NA,NA,NA,NA,NA
70839,14677,18706,56717,19016,11770,NA,NA,NA,NA
70839,14677,240047,NA,NA,NA,NA,NA,NA,NA
70839,14677,104110,18747,12393,NA,NA,NA,NA,NA
70839,14677,56508,20927,NA,NA,NA,NA,NA,NA
70839,14677,18706,21833,18128,15205,11925,18012,NA,NA
70839,14677,18706,21833,18128,15205,11925,18088,NA,NA
70839,14677,18706,21833,18128,15205,11925,18508,NA,NA
70839,14677,18706,21833,18128,15205,11925,NA,NA,NA
70839,14677,18706,11931,NA,NA,NA,NA,NA,NA
70839,14677,18706,11936,NA,NA,NA,NA,NA,NA
70839,14677,18795,cpd:C00076,12333,12569,NA,NA,NA,NA
70839,14677,26413,17762,NA,NA,NA,NA,NA,NA
70839,14677,18706,56717,68118,NA,NA,NA,NA,NA
70839,14677,26413,22059,230784,110379,269966,66679,170722,56488
70839,14677,20779,12387,78514,NA,NA,NA,NA,NA
70839,14677,15461,54354,16412,56212,234683,NA,NA,NA
70839,14677,100503710,18479,17920,NA,NA,NA,NA,NA
70839,14677,26413,18792,18815,12266,12946,NA,NA,NA
70839,14677,26413,16175,16178,NA,NA,NA,NA,NA
70839,14677,26413,20846,12265,170767,NA,NA,NA,NA
70839,14677,26413,20846,12265,19727,NA,NA,NA,NA
70839,14677,26413,20846,12265,18046,NA,NA,NA,NA
70839,14677,18706,110157,16706,NA,NA,NA,NA,NA
70839,14677,18706,110157,12795,NA,NA,NA,NA,NA
70839,14677,26413,13714,13654,NA,NA,NA,NA,NA
70839,14677,26413,20846,16391,58185,NA,NA,NA,NA
70839,14677,26413,16000,14255,20375,NA,NA,NA,NA
70839,14677,26413,13982,19401,16480,NA,NA,NA,NA
70839,14677,26413,13982,19401,235320,NA,NA,NA,NA
70839,14677,26413,16000,14255,12606,NA,NA,NA,NA
70839,14677,26413,17869,66197,NA,NA,NA,NA,NA
70839,14677,26413,18033,12505,13345,NA,NA,NA,NA
70839,14677,26413,18033,12505,22160,NA,NA,NA,NA
70839,14677,26413,18033,12505,13345,387144,NA,NA,NA
70839,14677,26413,18033,12505,13345,723893,NA,NA,NA
70839,14677,26413,17869,83383,NA,NA,NA,NA,NA
70839,14677,26413,17395,20969,NA,NA,NA,NA,NA
70839,14677,26413,22059,21825,20971,NA,NA,NA,NA
70839,14677,104110,18747,14634,15245,16147,cpd:C00925,14733,NA
70839,14677,18706,15251,11864,NA,NA,NA,NA,NA
70839,14677,26413,16173,16174,NA,NA,NA,NA,NA
70839,14677,26413,16173,16182,NA,NA,NA,NA,NA
70839,14677,18783,13106,100041375,56348,30963,106529,70025,NA
70839,14677,15461,225870,19344,19349,108664,76429,NA,NA
70839,14677,104110,18573,15452,22436,22262,76974,231903,NA
70839,14677,104110,18746,18597,13382,108037,27364,NA,NA
70839,14677,104110,18747,19013,74147,270076,209692,NA,NA
70839,14677,18127,242669,75986,NA,NA,NA,NA,NA
70839,14677,104110,18747,13074,57357,227697,NA,NA,NA
70839,14677,26413,18033,12505,gl:G10505,gl:G00526,gl:G00711,NA,NA
70839,14677,18795,114663,71780,NA,NA,NA,NA,NA
70839,14677,18783,19224,66469,NA,NA,NA,NA,NA
70839,14677,18783,13106,11522,110695,66204,NA,NA,NA
70839,14677,104110,18747,19013,74147,11409,233799,NA,NA
70839,14677,104110,18605,68646,NA,NA,NA,NA,NA
70839,14677,104110,18605,18115,NA,NA,NA,NA,NA
70839,14677,104110,18605,223646,NA,NA,NA,NA,NA
70839,14677,104110,12495,21915,22171,13361,14590,NA,NA
70839,14677,104110,18747,56486,110886,268566,68591,NA,NA
70839,14677,26413,20846,16391,58185,110196,56075,NA,NA
70839,14677,26413,20846,16391,58185,110196,71365,NA,NA
70839,14677,104110,18573,109674,11565,14718,22117,211389,NA
70839,14677,19094,19052,229512,19704,326622,67031,66441,NA
70839,14677,18706,18762,170930,19386,19387,NA,NA,NA
70839,14677,19094,19052,229512,19704,14852,18458,12228,NA
70839,14677,19094,19052,229512,19704,14852,18458,22057,NA
70839,14677,19094,19052,229512,19704,14852,18458,72587,NA
70839,14677,19094,19052,229512,19704,14852,18458,18983,NA
70839,14677,26413,13982,19015,14077,NA,NA,NA,NA
70839,14677,18706,56717,19016,108078,NA,NA,NA,NA
70839,14677,18706,56717,19016,11520,NA,NA,NA,NA
70839,14677,18706,56717,19016,57435,NA,NA,NA,NA
70839,14677,18706,56717,19016,66968,NA,NA,NA,NA
70839,14677,18706,56717,19016,11832,NA,NA,NA,NA
70839,14677,18706,11651,12189,12021,NA,NA,NA,NA
70839,14677,18706,11651,12189,70681,NA,NA,NA,NA
70839,14677,18706,11651,12189,237911,235559,NA,NA,NA
70839,14677,18706,56717,71718,245000,208836,NA,NA,NA
70839,14677,18706,11651,12189,12190,114714,NA,NA,NA
70839,14677,18706,11651,12189,12190,19361,NA,NA,NA
70839,14677,18706,11651,12189,237911,17350,NA,NA,NA
70839,14677,18706,11651,12189,237911,18861,NA,NA,NA
70839,14677,26413,16765,NA,NA,NA,NA,NA,NA
70839,14677,26413,18033,18034,24099,21935,NA,NA,NA
70839,14677,26413,18033,18034,24099,57916,NA,NA,NA
70839,14677,26413,18033,18034,20315,12778,NA,NA,NA
70839,14677,26413,18033,18034,100041504,252837,NA,NA,NA
70839,14677,26413,18033,12047,NA,NA,NA,NA,NA
70839,14677,18795,18751,105844,NA,NA,NA,NA,NA
70839,14677,18706,56484,20620,NA,NA,NA,NA,NA
70839,14677,18706,56484,20873,NA,NA,NA,NA,NA
70839,14677,18706,56484,12053,NA,NA,NA,NA,NA
70839,14677,18706,56484,67731,NA,NA,NA,NA,NA
70839,14677,104110,18746,cpd:C00022,cpd:C00065,cpd:C00037,14658,NA,NA
70839,14677,56508,20927,cpd:C00002,140795,NA,NA,NA,NA
70839,14677,56508,20927,cpd:C00002,213438,NA,NA,NA,NA
70839,14677,56508,20927,cpd:C00002,233571,NA,NA,NA,NA
70839,14677,56508,20927,cpd:C00002,57385,NA,NA,NA,NA
70839,14677,56508,20927,cpd:C00002,64095,NA,NA,NA,NA
70839,14677,56508,20927,cpd:C00002,74191,NA,NA,NA,NA
70839,14677,56508,20927,cpd:C00002,78826,NA,NA,NA,NA
70839,14677,18783,cpd:C00219,cpd:C05356,cpd:C00909,cpd:C02165,16995,NA,NA
70839,14677,18783,11689,cpd:C06314,14289,NA,NA,NA,NA
70839,14677,18783,cpd:C00219,cpd:C00157,cpd:C04230,cpd:C00670,cpd:C00114,cpd:C01996,110902
70839,14677,26413,18792,18815,12266,12267,NA,NA,NA
70839,14677,26413,18792,18815,12266,15139,12273,NA,NA
70839,14677,26413,12912,18976,17203,NA,NA,NA,NA
70839,14677,26413,12575,12566,23834,56452,17220,NA,NA
70839,14677,26413,12575,12566,23834,56452,17219,NA,NA
70839,14677,26413,12575,12566,23834,56452,17218,NA,NA
70839,14677,26413,12575,12566,23834,56452,17217,NA,NA
70839,14677,26413,12575,12566,23834,56452,17215,NA,NA
70839,14677,26413,12575,12566,23834,56452,17216,NA,NA
70839,14677,19094,19052,56739,NA,NA,NA,NA,NA
70839,14677,104110,18573,109674,11565,14718,22117,69372,NA
70839,14677,26413,22059,230784,110379,69608,NA,NA,NA
70839,14677,26413,14609,22151,NA,NA,NA,NA,NA
70839,14677,26413,14609,22152,NA,NA,NA,NA,NA
70839,14677,26413,14609,22153,NA,NA,NA,NA,NA
70839,14677,26413,14609,22154,NA,NA,NA,NA,NA
70839,14677,26413,14609,227613,NA,NA,NA,NA,NA
70839,14677,26413,14609,545486,NA,NA,NA,NA,NA
70839,14677,26413,14609,67951,NA,NA,NA,NA,NA
70839,14677,26413,14609,73710,NA,NA,NA,NA,NA
70839,14677,18706,56717,75425,NA,NA,NA,NA,NA
70839,14677,18706,56717,56430,NA,NA,NA,NA,NA
70839,14677,18706,56717,78757,227743,NA,NA,NA,NA
70839,14677,18706,56717,78757,109270,NA,NA,NA,NA
70839,14677,104110,cpd:C00064,cpd:C00169,cpd:C00327,cpd:C00062,71962,80909,NA
70839,14677,18795,cpd:C00076,12371,12368,16907,NA,NA,NA
70839,14677,18706,56484,12955,NA,NA,NA,NA,NA
70839,14677,18706,11651,11796,56532,74568,58800,NA,NA
70839,14677,26413,12575,12566,17865,19646,NA,NA,NA
70839,14677,26413,12575,12566,17865,217708,NA,NA,NA
70839,14677,26413,12575,12566,17865,231506,NA,NA,NA
70839,14677,26413,12575,12566,17865,72568,NA,NA,NA
70839,14677,26413,12575,12566,17865,75660,NA,NA,NA
70839,14677,104110,18747,14681,13542,93840,NA,NA,NA
70839,14677,104110,18747,12914,19664,19208,NA,NA,NA
70839,14677,104110,18747,12914,19664,66354,NA,NA,NA
70839,14677,17096,14360,18844,18186,NA,NA,NA,NA
70839,14677,18706,12540,231148,NA,NA,NA,NA,NA
70839,14677,19094,19017,21780,NA,NA,NA,NA,NA
70839,14677,26413,22059,21825,16423,NA,NA,NA,NA
70839,14677,15461,17356,19294,100043314,NA,NA,NA,NA
70839,14677,20779,12387,21423,26380,NA,NA,NA,NA
70839,14677,26413,18793,NA,NA,NA,NA,NA,NA
70839,14677,26413,110651,54483,19200,NA,NA,NA,NA
70839,14677,26413,18033,12796,NA,NA,NA,NA,NA
70839,14677,18706,56484,16598,56551,NA,NA,NA,NA
70839,14677,17096,14360,18106,26904,NA,NA,NA,NA
70839,14677,17096,14360,18106,545378,NA,NA,NA,NA
70839,14677,26413,18033,57765,12399,NA,NA,NA,NA
70839,14677,19094,16364,NA,NA,NA,NA,NA,NA
70839,14677,18706,cpd:C05981,17909,NA,NA,NA,NA,NA
70839,14677,18754,17357,NA,NA,NA,NA,NA,NA
70839,14677,18795,108083,227753,NA,NA,NA,NA,NA
70839,14677,104110,18747,27373,11865,225998,NA,NA,NA
70839,14677,16522,NA,NA,NA,NA,NA,NA,NA
70839,14677,18795,cpd:C00076,20979,NA,NA,NA,NA,NA
70839,14677,56508,116838,19339,116837,NA,NA,NA,NA
70839,14677,26413,16000,18053,72843,NA,NA,NA,NA
70839,14677,104110,18747,66377,NA,NA,NA,NA,NA
70839,14677,104110,18747,66416,NA,NA,NA,NA,NA
70839,14677,104110,18747,67264,NA,NA,NA,NA,NA
70839,14677,104110,18747,69875,NA,NA,NA,NA,NA
70839,14677,104110,18747,78330,NA,NA,NA,NA,NA
70839,14677,104110,18747,56486,110886,18195,NA,NA,NA
70839,14677,18795,cpd:C00076,56843,NA,NA,NA,NA,NA
70839,14677,18706,12540,544963,NA,NA,NA,NA,NA
70839,14677,18795,108083,22330,20411,14251,NA,NA,NA
70839,14677,18795,108083,22330,20411,14252,NA,NA,NA
70839,14677,56508,20927,cpd:C00002,68667,NA,NA,NA,NA
70839,14677,26413,13982,55960,NA,NA,NA,NA,NA
70839,14677,26413,13982,107656,NA,NA,NA,NA,NA
70839,14677,26413,13982,16660,NA,NA,NA,NA,NA
70839,14677,26413,13982,16661,NA,NA,NA,NA,NA
70839,14677,26413,13982,16663,NA,NA,NA,NA,NA
70839,14677,26413,13982,16664,NA,NA,NA,NA,NA
70839,14677,26413,13982,16665,NA,NA,NA,NA,NA
70839,14677,26413,13982,16666,NA,NA,NA,NA,NA
70839,14677,26413,13982,16667,NA,NA,NA,NA,NA
70839,14677,26413,13982,16668,NA,NA,NA,NA,NA
70839,14677,26413,13982,16669,NA,NA,NA,NA,NA
70839,14677,26413,13982,16670,NA,NA,NA,NA,NA
70839,14677,26413,13982,16671,NA,NA,NA,NA,NA
70839,14677,26413,13982,16672,NA,NA,NA,NA,NA
70839,14677,26413,13982,16673,NA,NA,NA,NA,NA
70839,14677,26413,13982,16675,NA,NA,NA,NA,NA
70839,14677,26413,13982,237934,NA,NA,NA,NA,NA
70839,14677,26413,13982,268482,NA,NA,NA,NA,NA
70839,14677,26413,13982,320864,NA,NA,NA,NA,NA
70839,14677,26413,13982,406221,NA,NA,NA,NA,NA
70839,14677,26413,13982,53617,NA,NA,NA,NA,NA
70839,14677,26413,13982,66809,NA,NA,NA,NA,NA
70839,14677,26413,13982,68239,NA,NA,NA,NA,NA
70839,14677,26413,13982,70810,NA,NA,NA,NA,NA
70839,14677,26413,13982,70843,NA,NA,NA,NA,NA
70839,14677,26413,13982,71888,NA,NA,NA,NA,NA
70839,14677,26413,13982,75706,NA,NA,NA,NA,NA
70839,14677,26413,13982,94179,NA,NA,NA,NA,NA
70839,14677,26413,13982,21784,NA,NA,NA,NA,NA
70839,14677,18795,18750,16534,NA,NA,NA,NA,NA
70839,14677,18706,21833,18128,15205,11925,18506,NA,NA
70839,14677,104110,cpd:C00575,56379,NA,NA,NA,NA,NA
70839,14677,18706,56717,20393,83814,20276,NA,NA,NA
70839,14677,18706,56717,20393,83814,20277,NA,NA,NA
70839,14677,18706,56717,20393,83814,20278,NA,NA,NA
70839,14677,104110,cpd:C00575,16516,NA,NA,NA,NA,NA
70839,14677,26414,232943,NA,NA,NA,NA,NA,NA
70839,14677,18706,56484,20655,110323,NA,NA,NA,NA
70839,14677,18706,56484,20655,12862,NA,NA,NA,NA
70839,14677,18795,19055,230908,19175,NA,NA,NA,NA
70839,14677,26413,11911,50873,20617,214084,NA,NA,NA
70839,14677,18706,56484,20655,22428,NA,NA,NA,NA
70839,14677,18706,cpd:C00027,20511,NA,NA,NA,NA,NA
70839,14677,20779,13043,103967,NA,NA,NA,NA,NA
70839,14677,15461,225870,19344,19349,56455,NA,NA,NA
70839,14677,20779,12387,21423,18970,NA,NA,NA,NA
70839,14677,26413,20846,101835,NA,NA,NA,NA,NA
70839,14677,26413,20846,102635315,NA,NA,NA,NA,NA
70839,14677,26413,20846,108167848,NA,NA,NA,NA,NA
70839,14677,26413,20846,170763,NA,NA,NA,NA,NA
70839,14677,26413,20846,170938,NA,NA,NA,NA,NA
70839,14677,26413,20846,192651,NA,NA,NA,NA,NA
70839,14677,26413,20846,212276,NA,NA,NA,NA,NA
70839,14677,26413,20846,212281,NA,NA,NA,NA,NA
70839,14677,26413,20846,212569,NA,NA,NA,NA,NA
70839,14677,26413,20846,218311,NA,NA,NA,NA,NA
70839,14677,26413,20846,218314,NA,NA,NA,NA,NA
70839,14677,26413,20846,224893,NA,NA,NA,NA,NA
70839,14677,26413,20846,22640,NA,NA,NA,NA,NA
70839,14677,26413,20846,22643,NA,NA,NA,NA,NA
70839,14677,26413,20846,22648,NA,NA,NA,NA,NA
70839,14677,26413,20846,22688,NA,NA,NA,NA,NA
70839,14677,26413,20846,22690,NA,NA,NA,NA,NA
70839,14677,26413,20846,22693,NA,NA,NA,NA,NA
70839,14677,26413,20846,22700,NA,NA,NA,NA,NA
70839,14677,26413,20846,22715,NA,NA,NA,NA,NA
70839,14677,26413,20846,232966,NA,NA,NA,NA,NA
70839,14677,26413,20846,233056,NA,NA,NA,NA,NA
70839,14677,26413,20846,233060,NA,NA,NA,NA,NA
70839,14677,26413,20846,234358,NA,NA,NA,NA,NA
70839,14677,26413,20846,234362,NA,NA,NA,NA,NA
70839,14677,26413,20846,235047,NA,NA,NA,NA,NA
70839,14677,26413,20846,235956,NA,NA,NA,NA,NA
70839,14677,26413,20846,237775,NA,NA,NA,NA,NA
70839,14677,26413,20846,238693,NA,NA,NA,NA,NA
70839,14677,26413,20846,240063,NA,NA,NA,NA,NA
70839,14677,26413,20846,240064,NA,NA,NA,NA,NA
70839,14677,26413,20846,243308,NA,NA,NA,NA,NA
70839,14677,26413,20846,243963,NA,NA,NA,NA,NA
70839,14677,26413,20846,244556,NA,NA,NA,NA,NA
70839,14677,26413,20846,27081,NA,NA,NA,NA,NA
70839,14677,26413,20846,30944,NA,NA,NA,NA,NA
70839,14677,26413,20846,330502,NA,NA,NA,NA,NA
70839,14677,26413,20846,380850,NA,NA,NA,NA,NA
70839,14677,26413,20846,380855,NA,NA,NA,NA,NA
70839,14677,26413,20846,381066,NA,NA,NA,NA,NA
70839,14677,26413,20846,381067,NA,NA,NA,NA,NA
70839,14677,26413,20846,384763,NA,NA,NA,NA,NA
70839,14677,26413,20846,433801,NA,NA,NA,NA,NA
70839,14677,26413,20846,545938,NA,NA,NA,NA,NA
70839,14677,26413,20846,54678,NA,NA,NA,NA,NA
70839,14677,26413,20846,56869,NA,NA,NA,NA,NA
70839,14677,26413,20846,57782,NA,NA,NA,NA,NA
70839,14677,26413,20846,636741,NA,NA,NA,NA,NA
70839,14677,26413,20846,665211,NA,NA,NA,NA,NA
70839,14677,26413,20846,67911,NA,NA,NA,NA,NA
70839,14677,26413,20846,71131,NA,NA,NA,NA,NA
70839,14677,26413,20846,71591,NA,NA,NA,NA,NA
70839,14677,26413,20846,72180,NA,NA,NA,NA,NA
70839,14677,26413,20846,72230,NA,NA,NA,NA,NA
70839,14677,26413,20846,72556,NA,NA,NA,NA,NA
70839,14677,26413,20846,73729,NA,NA,NA,NA,NA
70839,14677,26413,20846,76373,NA,NA,NA,NA,NA
70839,14677,26413,20846,78251,NA,NA,NA,NA,NA
70839,14677,26413,18792,18815,12266,18636,NA,NA,NA
70839,14677,104110,18747,12914,19664,12902,NA,NA,NA
70839,14677,26413,18033,22352,NA,NA,NA,NA,NA
70839,14677,20779,20848,18715,NA,NA,NA,NA,NA
70839,14677,26413,15370,20181,cpd:C15493,218772,NA,NA,NA
70839,14677,26413,18033,12505,13345,387144,15430,NA,NA
70839,14677,26413,22059,21825,20971,66911,NA,NA,NA
70839,14677,26413,13982,19401,110794,NA,NA,NA,NA
70839,14677,104110,18747,104263,20586,26992,NA,NA,NA
70839,14677,26413,17869,20514,NA,NA,NA,NA,NA
70839,14677,26413,20683,56517,NA,NA,NA,NA,NA
